{
  "total": 0,
  "successful": 0,
  "failed": 0,
  "tiers": {},
  "timing": {
    "start": 1747536185.871165,
    "end": 1747536185.8712451,
    "total_seconds": 8.0108642578125e-05
  }
}