{
  "total": 0,
  "successful": 0,
  "failed": 0,
  "tiers": {},
  "timing": {
    "start": 1747536513.107709,
    "end": 1747536513.107767,
    "total_seconds": 5.817413330078125e-05
  }
}